﻿{
  "$schema": "https://json.schemastore.org/template.json",
  "author": "Mapfre Puerto Rico",
  "classifications": [ "Web", "REST", "API" ],
  "identity": "MPR.RestApiTemplate",
  "name": "MPR REST API Template",
  "shortName": "mpr-rest-api-template",
  "sourceName": "MPR.RestApiTemplate",
  "preferNameDirectory": true,
  "tags": {
    "language": "C#",
    "type": "project"
  },
  "symbols": {
    "Framework": {
      "type": "parameter",
      "dataType": "choice",
      "defaultValue": "net9.0",
      "description": "Target framework for the project.",
      "choices": [
        {
          "choice": "net9.0",
          "description": ".NET 9.0"
        }
      ]
    }
  }
}