{
  "defaults": {
    "generateMethods": {
      "get": true,
      "getById": true,
      "post": true,
      "put": true,
      "delete": true
    },
    "requireKeysFor": {
      "getById": true,
      "post": true,
      "put": true,
      "delete": true
    },
    "generatePolicies": {
      "get": true,
      "post": true,
      "put": true,
      "delete": true
    }
  },
  "entities": {
    "AlphabeticalListOfProducts": {
      "dto": "ListOfProductsDto",
      "createDto": "CreateListOfProductsDto",
      "updateDto": "UpdateListOfProductsDto",
      "includes": [
        "Customer",
        "Items.Product"
      ],
      "mappings": {
        "Name": "customer_name",
        "Address": "customer_address",
        "IsActive": "is_active_flag"
      },
      "generateMethods": {
        "get": true,
        "getById": true,
        "post": true,
        "put": true,
        "delete": true
      },
      "policies": {
        "get": "ReadCustomer",
        "post": "CreateCustomer",
        "put": "UpdateCustomer",
        "delete": "DeleteCustomer"
      }
    }
  },
  "contexts": {
    "NorthwindDbContext": {
      "provider": "SqlServer",
      "entities": [
        "Customer"
      ]
    }
  }
}